Disable automatic docs?,Disable the automatic docs by setting their URLs to `None` when creating your `FastAPI` app.
Custom CDN docs urls?,Customize the CDN by setting `swagger_js_url` and `swagger_css_url` for Swagger UI and `redoc_js_url` for ReDoc in the path operation.
Serve static files in FastAPI?,"Import `StaticFiles` and ""Mount"" a `StaticFiles()` instance in a specific path to serve static files in FastAPI."
Download Swagger and ReDoc files?,"Download the static files needed for the docs (swagger-ui-bundle.js, swagger-ui.css for Swagger UI and redoc.standalone.js for ReDoc) and put them in the `static/` directory."
Test Swagger UI static file?,Start your application and go to <http://127.0.0.1:8000/static/swagger-ui-bundle.js> to confirm that you can serve static files from your app and that you placed the static files for the docs in the correct place.
Disable URLs in FastAPI app?,"To disable them, set their URLs to `None` when creating your `FastAPI` app."
Create custom docs for static files?,You can create the path operations for the custom docs and re-use FastAPI's internal functions to create the HTML pages for the docs.
What is `swagger_js_url` in FastAPI?,"`swagger_js_url` is the URL where the HTML for your Swagger UI docs can get the JavaScript file, which your own app is now serving."
What is `swagger_css_url` in FastAPI?,"`swagger_css_url` is the URL where the HTML for your Swagger UI docs can get the CSS file, which your own app is now serving."
How to test Static Files UI in FastAPI?,"You can create a path operation to test that everything works and disconnect your WiFi, go to your docs, and reload the page. Even without Internet, you would be able to see the docs for your API and interact with it."
